action_type,activity_comment,activity_id,activity_properties,assay_chembl_id,assay_description,assay_type,assay_variant_accession,assay_variant_mutation,bao_endpoint,bao_format,bao_label,canonical_smiles,data_validity_comment,data_validity_description,document_chembl_id,document_journal,document_year,ligand_efficiency,molecule_chembl_id,molecule_pref_name,parent_molecule_chembl_id,pchembl_value,potential_duplicate,qudt_units,record_id,relation,src_id,standard_flag,standard_relation,standard_text_value,standard_type,standard_units,standard_upper_value,standard_value,target_chembl_id,target_organism,target_pref_name,target_tax_id,text_value,toid,type,units,uo_units,upper_value,value
,,13902127,[],CHEMBL3119218,Inhibition of demethylase activity of PCA-1 (unknown origin) using 3-methyl cytosine oligo DNA as substrate after 1 hr by RT-PCR analysis,B,,,BAO_0000190,BAO_0000357,single protein format,Cc1ccc2[nH]c(-n3[nH]c(C)c(Cc4ccccc4)c3=O)nc2c1C,,,CHEMBL3112445,Bioorg Med Chem Lett,2014,,CHEMBL3145420,,CHEMBL3145420,,0,http://www.openphacts.org/units/Nanomolar,1966013,>,1,1,>,,IC50,nM,,10000.0,CHEMBL3112376,Homo sapiens,Alpha-ketoglutarate-dependent dioxygenase alkB homolog 3,9606,,,IC50,uM,UO_0000065,,10.0
,,13902128,[],CHEMBL3119218,Inhibition of demethylase activity of PCA-1 (unknown origin) using 3-methyl cytosine oligo DNA as substrate after 1 hr by RT-PCR analysis,B,,,BAO_0000190,BAO_0000357,single protein format,Cc1[nH]n(-c2nc3ccccc3[nH]2)c(=O)c1Cc1ccc(Cl)cc1Cl,,,CHEMBL3112445,Bioorg Med Chem Lett,2014,,CHEMBL3145438,,CHEMBL3145438,,0,http://www.openphacts.org/units/Nanomolar,1965997,>,1,1,>,,IC50,nM,,10000.0,CHEMBL3112376,Homo sapiens,Alpha-ketoglutarate-dependent dioxygenase alkB homolog 3,9606,,,IC50,uM,UO_0000065,,10.0
,,13902129,[],CHEMBL3119218,Inhibition of demethylase activity of PCA-1 (unknown origin) using 3-methyl cytosine oligo DNA as substrate after 1 hr by RT-PCR analysis,B,,,BAO_0000190,BAO_0000357,single protein format,Cc1[nH]n(-c2nc3ccccc3[nH]2)c(=O)c1Cc1ccc(Cl)cc1,,,CHEMBL3112445,Bioorg Med Chem Lett,2014,,CHEMBL3145437,,CHEMBL3145437,,0,http://www.openphacts.org/units/Nanomolar,1965996,>,1,1,>,,IC50,nM,,10000.0,CHEMBL3112376,Homo sapiens,Alpha-ketoglutarate-dependent dioxygenase alkB homolog 3,9606,,,IC50,uM,UO_0000065,,10.0
,,13902130,[],CHEMBL3119218,Inhibition of demethylase activity of PCA-1 (unknown origin) using 3-methyl cytosine oligo DNA as substrate after 1 hr by RT-PCR analysis,B,,,BAO_0000190,BAO_0000357,single protein format,Cc1[nH]n(-c2nc3ccccc3[nH]2)c(=O)c1Cc1ccccc1Cl,,,CHEMBL3112445,Bioorg Med Chem Lett,2014,,CHEMBL3145418,,CHEMBL3145418,,0,http://www.openphacts.org/units/Nanomolar,1965994,>,1,1,>,,IC50,nM,,10000.0,CHEMBL3112376,Homo sapiens,Alpha-ketoglutarate-dependent dioxygenase alkB homolog 3,9606,,,IC50,uM,UO_0000065,,10.0
,,13902131,[],CHEMBL3119218,Inhibition of demethylase activity of PCA-1 (unknown origin) using 3-methyl cytosine oligo DNA as substrate after 1 hr by RT-PCR analysis,B,,,BAO_0000190,BAO_0000357,single protein format,O=c1c(Cc2ccccc2)c(-c2ccccc2)[nH]n1-c1nc2ccccc2[nH]1,,,CHEMBL3112445,Bioorg Med Chem Lett,2014,,CHEMBL3145434,,CHEMBL3145434,,0,http://www.openphacts.org/units/Nanomolar,1965990,>,1,1,>,,IC50,nM,,10000.0,CHEMBL3112376,Homo sapiens,Alpha-ketoglutarate-dependent dioxygenase alkB homolog 3,9606,,,IC50,uM,UO_0000065,,10.0
,,13902132,[],CHEMBL3119218,Inhibition of demethylase activity of PCA-1 (unknown origin) using 3-methyl cytosine oligo DNA as substrate after 1 hr by RT-PCR analysis,B,,,BAO_0000190,BAO_0000357,single protein format,Cc1c(-c2ccccc2)[nH]n(-c2nc3ccccc3[nH]2)c1=O,,,CHEMBL3112445,Bioorg Med Chem Lett,2014,,CHEMBL3145433,,CHEMBL3145433,,0,http://www.openphacts.org/units/Nanomolar,1965989,>,1,1,>,,IC50,nM,,10000.0,CHEMBL3112376,Homo sapiens,Alpha-ketoglutarate-dependent dioxygenase alkB homolog 3,9606,,,IC50,uM,UO_0000065,,10.0
,,13902133,[],CHEMBL3119218,Inhibition of demethylase activity of PCA-1 (unknown origin) using 3-methyl cytosine oligo DNA as substrate after 1 hr by RT-PCR analysis,B,,,BAO_0000190,BAO_0000357,single protein format,Cc1[nH]n(-c2nc3c(C)cccc3[nH]2)c(=O)c1C,,,CHEMBL3112445,Bioorg Med Chem Lett,2014,,CHEMBL3145428,,CHEMBL3145428,,0,http://www.openphacts.org/units/Nanomolar,1965982,>,1,1,>,,IC50,nM,,10000.0,CHEMBL3112376,Homo sapiens,Alpha-ketoglutarate-dependent dioxygenase alkB homolog 3,9606,,,IC50,uM,UO_0000065,,10.0
,,13902134,[],CHEMBL3119218,Inhibition of demethylase activity of PCA-1 (unknown origin) using 3-methyl cytosine oligo DNA as substrate after 1 hr by RT-PCR analysis,B,,,BAO_0000190,BAO_0000357,single protein format,Cc1[nH]n(-c2ccccn2)c(=O)c1C,,,CHEMBL3112445,Bioorg Med Chem Lett,2014,,CHEMBL3145426,,CHEMBL3145426,,0,http://www.openphacts.org/units/Nanomolar,1965980,>,1,1,>,,IC50,nM,,10000.0,CHEMBL3112376,Homo sapiens,Alpha-ketoglutarate-dependent dioxygenase alkB homolog 3,9606,,,IC50,uM,UO_0000065,,10.0
,,13902135,[],CHEMBL3119218,Inhibition of demethylase activity of PCA-1 (unknown origin) using 3-methyl cytosine oligo DNA as substrate after 1 hr by RT-PCR analysis,B,,,BAO_0000190,BAO_0000357,single protein format,Cc1[nH]n(-c2ncccn2)c(=O)c1C,,,CHEMBL3112445,Bioorg Med Chem Lett,2014,,CHEMBL3145425,,CHEMBL3145425,,0,http://www.openphacts.org/units/Nanomolar,1965979,>,1,1,>,,IC50,nM,,10000.0,CHEMBL3112376,Homo sapiens,Alpha-ketoglutarate-dependent dioxygenase alkB homolog 3,9606,,,IC50,uM,UO_0000065,,10.0
,,13902136,[],CHEMBL3119218,Inhibition of demethylase activity of PCA-1 (unknown origin) using 3-methyl cytosine oligo DNA as substrate after 1 hr by RT-PCR analysis,B,,,BAO_0000190,BAO_0000357,single protein format,Cc1[nH]n(-c2nc3ccccc3n2C)c(=O)c1C,,,CHEMBL3112445,Bioorg Med Chem Lett,2014,,CHEMBL3145424,,CHEMBL3145424,,0,http://www.openphacts.org/units/Nanomolar,1965978,>,1,1,>,,IC50,nM,,10000.0,CHEMBL3112376,Homo sapiens,Alpha-ketoglutarate-dependent dioxygenase alkB homolog 3,9606,,,IC50,uM,UO_0000065,,10.0
,,13902137,[],CHEMBL3119218,Inhibition of demethylase activity of PCA-1 (unknown origin) using 3-methyl cytosine oligo DNA as substrate after 1 hr by RT-PCR analysis,B,,,BAO_0000190,BAO_0000357,single protein format,Cc1[nH]n(-c2nc3ccccc3o2)c(=O)c1C,,,CHEMBL3112445,Bioorg Med Chem Lett,2014,,CHEMBL3145423,,CHEMBL3145423,,0,http://www.openphacts.org/units/Nanomolar,1965977,>,1,1,>,,IC50,nM,,10000.0,CHEMBL3112376,Homo sapiens,Alpha-ketoglutarate-dependent dioxygenase alkB homolog 3,9606,,,IC50,uM,UO_0000065,,10.0
,,13902138,[],CHEMBL3119218,Inhibition of demethylase activity of PCA-1 (unknown origin) using 3-methyl cytosine oligo DNA as substrate after 1 hr by RT-PCR analysis,B,,,BAO_0000190,BAO_0000357,single protein format,Cc1[nH]n(-c2nc3ccccc3s2)c(=O)c1C,,,CHEMBL3112445,Bioorg Med Chem Lett,2014,,CHEMBL3145422,,CHEMBL3145422,,0,http://www.openphacts.org/units/Nanomolar,1965976,>,1,1,>,,IC50,nM,,10000.0,CHEMBL3112376,Homo sapiens,Alpha-ketoglutarate-dependent dioxygenase alkB homolog 3,9606,,,IC50,uM,UO_0000065,,10.0
,,13902139,[],CHEMBL3119218,Inhibition of demethylase activity of PCA-1 (unknown origin) using 3-methyl cytosine oligo DNA as substrate after 1 hr by RT-PCR analysis,B,,,BAO_0000190,BAO_0000357,single protein format,Cc1[nH]n(-c2ccccc2)c(=O)c1C,,,CHEMBL3112445,Bioorg Med Chem Lett,2014,,CHEMBL3145416,,CHEMBL3145416,,0,http://www.openphacts.org/units/Nanomolar,1965975,>,1,1,>,,IC50,nM,,10000.0,CHEMBL3112376,Homo sapiens,Alpha-ketoglutarate-dependent dioxygenase alkB homolog 3,9606,,,IC50,uM,UO_0000065,,10.0
,,13902172,[],CHEMBL3119218,Inhibition of demethylase activity of PCA-1 (unknown origin) using 3-methyl cytosine oligo DNA as substrate after 1 hr by RT-PCR analysis,B,,,BAO_0000190,BAO_0000357,single protein format,Cc1[nH]n(-c2nc3ccccc3[nH]2)c(=O)c1CC(=O)O,,,CHEMBL3112445,Bioorg Med Chem Lett,2014,"{'bei': '17.72', 'le': '0.33', 'lle': '3.84', 'sei': '4.65'}",CHEMBL3145432,,CHEMBL3145432,4.82,0,http://www.openphacts.org/units/Nanomolar,1965987,=,1,1,=,,IC50,nM,,15000.0,CHEMBL3112376,Homo sapiens,Alpha-ketoglutarate-dependent dioxygenase alkB homolog 3,9606,,,IC50,uM,UO_0000065,,15.0
,,13902175,[],CHEMBL3119218,Inhibition of demethylase activity of PCA-1 (unknown origin) using 3-methyl cytosine oligo DNA as substrate after 1 hr by RT-PCR analysis,B,,,BAO_0000190,BAO_0000357,single protein format,O=c1cc(-c2ccccc2)[nH]n1-c1nc2ccccc2[nH]1,,,CHEMBL3112445,Bioorg Med Chem Lett,2014,"{'bei': '18.61', 'le': '0.33', 'lle': '2.43', 'sei': '7.74'}",CHEMBL3145067,,CHEMBL3145067,5.14,0,http://www.openphacts.org/units/Nanomolar,1965988,=,1,1,=,,IC50,nM,,7200.0,CHEMBL3112376,Homo sapiens,Alpha-ketoglutarate-dependent dioxygenase alkB homolog 3,9606,,,IC50,uM,UO_0000065,,7.2
,,13902177,[],CHEMBL3119218,Inhibition of demethylase activity of PCA-1 (unknown origin) using 3-methyl cytosine oligo DNA as substrate after 1 hr by RT-PCR analysis,B,,,BAO_0000190,BAO_0000357,single protein format,Cc1[nH]n(-c2nc3c(C)cccc3[nH]2)c(=O)c1Cc1ccccc1,,,CHEMBL3112445,Bioorg Med Chem Lett,2014,"{'bei': '16.42', 'le': '0.30', 'lle': '1.98', 'sei': '7.87'}",CHEMBL3145450,,CHEMBL3145450,5.23,0,http://www.openphacts.org/units/Nanomolar,1966012,=,1,1,=,,IC50,nM,,5900.0,CHEMBL3112376,Homo sapiens,Alpha-ketoglutarate-dependent dioxygenase alkB homolog 3,9606,,,IC50,uM,UO_0000065,,5.9
,,13902178,[],CHEMBL3119218,Inhibition of demethylase activity of PCA-1 (unknown origin) using 3-methyl cytosine oligo DNA as substrate after 1 hr by RT-PCR analysis,B,,,BAO_0000190,BAO_0000357,single protein format,Cc1ccc2[nH]c(-n3nc(-c4ccccc4)c(-c4ccccc4)c3O)nc2c1,,,CHEMBL3112445,Bioorg Med Chem Lett,2014,"{'bei': '14.29', 'le': '0.26', 'lle': '0.14', 'sei': '7.85'}",CHEMBL3114991,,CHEMBL3114991,5.24,0,http://www.openphacts.org/units/Nanomolar,1965993,=,1,1,=,,IC50,nM,,5800.0,CHEMBL3112376,Homo sapiens,Alpha-ketoglutarate-dependent dioxygenase alkB homolog 3,9606,,,IC50,uM,UO_0000065,,5.8
,,13902179,[],CHEMBL3119218,Inhibition of demethylase activity of PCA-1 (unknown origin) using 3-methyl cytosine oligo DNA as substrate after 1 hr by RT-PCR analysis,B,,,BAO_0000190,BAO_0000357,single protein format,Cc1ccc2[nH]c(-n3[nH]c(C)c(Cc4ccc(-c5ccccc5)cc4)c3=O)nc2c1,,,CHEMBL3112445,Bioorg Med Chem Lett,2014,"{'bei': '13.37', 'le': '0.24', 'lle': '0.36', 'sei': '7.94'}",CHEMBL3145415,,CHEMBL3145415,5.28,0,http://www.openphacts.org/units/Nanomolar,1966021,=,1,1,=,,IC50,nM,,5300.0,CHEMBL3112376,Homo sapiens,Alpha-ketoglutarate-dependent dioxygenase alkB homolog 3,9606,,,IC50,uM,UO_0000065,,5.3
,,13902180,[],CHEMBL3119218,Inhibition of demethylase activity of PCA-1 (unknown origin) using 3-methyl cytosine oligo DNA as substrate after 1 hr by RT-PCR analysis,B,,,BAO_0000190,BAO_0000357,single protein format,Cc1[nH]n(-c2nc3cc(Cl)ccc3[nH]2)c(=O)c1Cc1ccccc1,,,CHEMBL3112445,Bioorg Med Chem Lett,2014,"{'bei': '15.78', 'le': '0.30', 'lle': '1.76', 'sei': '8.04'}",CHEMBL3145445,,CHEMBL3145445,5.35,0,http://www.openphacts.org/units/Nanomolar,1966005,=,1,1,=,,IC50,nM,,4500.0,CHEMBL3112376,Homo sapiens,Alpha-ketoglutarate-dependent dioxygenase alkB homolog 3,9606,,,IC50,uM,UO_0000065,,4.5
,,13902181,[],CHEMBL3119218,Inhibition of demethylase activity of PCA-1 (unknown origin) using 3-methyl cytosine oligo DNA as substrate after 1 hr by RT-PCR analysis,B,,,BAO_0000190,BAO_0000357,single protein format,COC(=O)Cc1c(C)[nH]n(-c2nc3ccccc3[nH]2)c1=O,,,CHEMBL3112445,Bioorg Med Chem Lett,2014,"{'bei': '18.75', 'le': '0.35', 'lle': '4.30', 'sei': '5.78'}",CHEMBL3145431,,CHEMBL3145431,5.37,0,http://www.openphacts.org/units/Nanomolar,1965986,=,1,1,=,,IC50,nM,,4300.0,CHEMBL3112376,Homo sapiens,Alpha-ketoglutarate-dependent dioxygenase alkB homolog 3,9606,,,IC50,uM,UO_0000065,,4.3
,,13902182,[],CHEMBL3119218,Inhibition of demethylase activity of PCA-1 (unknown origin) using 3-methyl cytosine oligo DNA as substrate after 1 hr by RT-PCR analysis,B,,,BAO_0000190,BAO_0000357,single protein format,Cc1[nH]n(-c2nc3ccccc3[nH]2)c(=O)c1Cc1ccc(C(C)(C)C)cc1,,,CHEMBL3112445,Bioorg Med Chem Lett,2014,"{'bei': '14.95', 'le': '0.27', 'lle': '1.15', 'sei': '8.10'}",CHEMBL3145444,,CHEMBL3145444,5.39,0,http://www.openphacts.org/units/Nanomolar,1966003,=,1,1,=,,IC50,nM,,4100.0,CHEMBL3112376,Homo sapiens,Alpha-ketoglutarate-dependent dioxygenase alkB homolog 3,9606,,,IC50,uM,UO_0000065,,4.1
,,13902183,[],CHEMBL3119218,Inhibition of demethylase activity of PCA-1 (unknown origin) using 3-methyl cytosine oligo DNA as substrate after 1 hr by RT-PCR analysis,B,,,BAO_0000190,BAO_0000357,single protein format,Cc1[nH]n(-c2nc3ccccc3[nH]2)c(=O)c1C,,,CHEMBL3112445,Bioorg Med Chem Lett,2014,"{'bei': '23.65', 'le': '0.43', 'lle': '3.74', 'sei': '8.12'}",CHEMBL3145421,,CHEMBL3145421,5.40,0,http://www.openphacts.org/units/Nanomolar,1965974,=,1,1,=,,IC50,nM,,4000.0,CHEMBL3112376,Homo sapiens,Alpha-ketoglutarate-dependent dioxygenase alkB homolog 3,9606,,,IC50,uM,UO_0000065,,4.0
,,13902185,[],CHEMBL3119218,Inhibition of demethylase activity of PCA-1 (unknown origin) using 3-methyl cytosine oligo DNA as substrate after 1 hr by RT-PCR analysis,B,,,BAO_0000190,BAO_0000357,single protein format,Cc1ccc2[nH]c(-n3[nH]c(C)c(Cc4ccc(C(C)(C)C)cc4)c3=O)nc2c1,,,CHEMBL3112445,Bioorg Med Chem Lett,2014,"{'bei': '14.50', 'le': '0.26', 'lle': '0.88', 'sei': '8.17'}",CHEMBL3145414,,CHEMBL3145414,5.43,0,http://www.openphacts.org/units/Nanomolar,1966020,=,1,1,=,,IC50,nM,,3700.0,CHEMBL3112376,Homo sapiens,Alpha-ketoglutarate-dependent dioxygenase alkB homolog 3,9606,,,IC50,uM,UO_0000065,,3.7
,,13902186,[],CHEMBL3119218,Inhibition of demethylase activity of PCA-1 (unknown origin) using 3-methyl cytosine oligo DNA as substrate after 1 hr by RT-PCR analysis,B,,,BAO_0000190,BAO_0000357,single protein format,Cc1cc(=O)n(-c2nc3ccccc3[nH]2)[nH]1,,,CHEMBL3112445,Bioorg Med Chem Lett,2014,"{'bei': '25.41', 'le': '0.46', 'lle': '4.09', 'sei': '8.19'}",CHEMBL3145417,,CHEMBL3145417,5.44,0,http://www.openphacts.org/units/Nanomolar,1965983,=,1,1,=,,IC50,nM,,3600.0,CHEMBL3112376,Homo sapiens,Alpha-ketoglutarate-dependent dioxygenase alkB homolog 3,9606,,,IC50,uM,UO_0000065,,3.6
,,13902187,[],CHEMBL3119218,Inhibition of demethylase activity of PCA-1 (unknown origin) using 3-methyl cytosine oligo DNA as substrate after 1 hr by RT-PCR analysis,B,,,BAO_0000190,BAO_0000357,single protein format,Cc1ccc2[nH]c(-n3[nH]c(-c4ccccc4)c(C)c3=O)nc2c1,,,CHEMBL3112445,Bioorg Med Chem Lett,2014,"{'bei': '18.01', 'le': '0.33', 'lle': '2.15', 'sei': '8.25'}",CHEMBL3145435,,CHEMBL3145435,5.48,0,http://www.openphacts.org/units/Nanomolar,1965991,=,1,1,=,,IC50,nM,,3300.0,CHEMBL3112376,Homo sapiens,Alpha-ketoglutarate-dependent dioxygenase alkB homolog 3,9606,,,IC50,uM,UO_0000065,,3.3
,,13902188,[],CHEMBL3119218,Inhibition of demethylase activity of PCA-1 (unknown origin) using 3-methyl cytosine oligo DNA as substrate after 1 hr by RT-PCR analysis,B,,,BAO_0000190,BAO_0000357,single protein format,Cc1[nH]n(-c2nc3ccccc3[nH]2)c(=O)c1Cc1ccc(Cl)c(Cl)c1,,,CHEMBL3112445,Bioorg Med Chem Lett,2014,"{'bei': '14.76', 'le': '0.30', 'lle': '1.26', 'sei': '8.29'}",CHEMBL3145439,,CHEMBL3145439,5.51,0,http://www.openphacts.org/units/Nanomolar,1965998,=,1,1,=,,IC50,nM,,3100.0,CHEMBL3112376,Homo sapiens,Alpha-ketoglutarate-dependent dioxygenase alkB homolog 3,9606,,,IC50,uM,UO_0000065,,3.1
,,13902190,[],CHEMBL3119218,Inhibition of demethylase activity of PCA-1 (unknown origin) using 3-methyl cytosine oligo DNA as substrate after 1 hr by RT-PCR analysis,B,,,BAO_0000190,BAO_0000357,single protein format,Cc1ccc2[nH]c(-n3[nH]c(C)c(C)c3=O)nc2c1,,,CHEMBL3112445,Bioorg Med Chem Lett,2014,"{'bei': '23.05', 'le': '0.42', 'lle': '3.62', 'sei': '8.40'}",CHEMBL3145427,,CHEMBL3145427,5.58,0,http://www.openphacts.org/units/Nanomolar,1965981,=,1,1,=,,IC50,nM,,2600.0,CHEMBL3112376,Homo sapiens,Alpha-ketoglutarate-dependent dioxygenase alkB homolog 3,9606,,,IC50,uM,UO_0000065,,2.6
,,13902191,[],CHEMBL3119218,Inhibition of demethylase activity of PCA-1 (unknown origin) using 3-methyl cytosine oligo DNA as substrate after 1 hr by RT-PCR analysis,B,,,BAO_0000190,BAO_0000357,single protein format,Cc1ccc(-c2ccc3[nH]c(-n4[nH]c(C)c(Cc5ccccc5)c4=O)nc3c2)cc1,,,CHEMBL3112445,Bioorg Med Chem Lett,2014,"{'bei': '14.39', 'le': '0.26', 'lle': '0.76', 'sei': '8.54'}",CHEMBL3145409,,CHEMBL3145409,5.68,0,http://www.openphacts.org/units/Nanomolar,1966011,=,1,1,=,,IC50,nM,,2100.0,CHEMBL3112376,Homo sapiens,Alpha-ketoglutarate-dependent dioxygenase alkB homolog 3,9606,,,IC50,uM,UO_0000065,,2.1
,,13902193,[],CHEMBL3119218,Inhibition of demethylase activity of PCA-1 (unknown origin) using 3-methyl cytosine oligo DNA as substrate after 1 hr by RT-PCR analysis,B,,,BAO_0000190,BAO_0000357,single protein format,Oc1c(-c2ccccc2)c(-c2ccccc2)nn1-c1nc2cc(Cl)ccc2[nH]1,,,CHEMBL3112445,Bioorg Med Chem Lett,2014,"{'bei': '14.73', 'le': '0.28', 'lle': '0.26', 'sei': '8.54'}",CHEMBL3114990,,CHEMBL3114990,5.70,0,http://www.openphacts.org/units/Nanomolar,1965992,=,1,1,=,,IC50,nM,,2000.0,CHEMBL3112376,Homo sapiens,Alpha-ketoglutarate-dependent dioxygenase alkB homolog 3,9606,,,IC50,uM,UO_0000065,,2.0
,,13902194,[],CHEMBL3119218,Inhibition of demethylase activity of PCA-1 (unknown origin) using 3-methyl cytosine oligo DNA as substrate after 1 hr by RT-PCR analysis,B,,,BAO_0000190,BAO_0000357,single protein format,Cc1[nH]n(-c2ccccn2)c(=O)c1C(=O)Nc1ccccc1,,,CHEMBL3112445,Bioorg Med Chem Lett,2014,"{'bei': '19.60', 'le': '0.36', 'lle': '3.65', 'sei': '7.23'}",CHEMBL3145246,,CHEMBL3145246,5.77,0,http://www.openphacts.org/units/Nanomolar,1965973,=,1,1,=,,IC50,nM,,1700.0,CHEMBL3112376,Homo sapiens,Alpha-ketoglutarate-dependent dioxygenase alkB homolog 3,9606,,,IC50,uM,UO_0000065,,1.7
,,13902195,[],CHEMBL3119218,Inhibition of demethylase activity of PCA-1 (unknown origin) using 3-methyl cytosine oligo DNA as substrate after 1 hr by RT-PCR analysis,B,,,BAO_0000190,BAO_0000357,single protein format,Cc1[nH]n(-c2nc3cc(-c4ccc(Cl)cc4)ccc3[nH]2)c(=O)c1Cc1ccccc1,,,CHEMBL3112445,Bioorg Med Chem Lett,2014,"{'bei': '14.04', 'le': '0.27', 'lle': '0.56', 'sei': '8.76'}",CHEMBL3145408,,CHEMBL3145408,5.82,0,http://www.openphacts.org/units/Nanomolar,1966010,=,1,1,=,,IC50,nM,,1500.0,CHEMBL3112376,Homo sapiens,Alpha-ketoglutarate-dependent dioxygenase alkB homolog 3,9606,,,IC50,uM,UO_0000065,,1.5
,,13902196,[],CHEMBL3119218,Inhibition of demethylase activity of PCA-1 (unknown origin) using 3-methyl cytosine oligo DNA as substrate after 1 hr by RT-PCR analysis,B,,,BAO_0000190,BAO_0000357,single protein format,Cc1ccc2[nH]c(-n3[nH]c(C)c(Cc4ccccc4Cl)c3=O)nc2c1,,,CHEMBL3112445,Bioorg Med Chem Lett,2014,"{'bei': '17.12', 'le': '0.33', 'lle': '2.14', 'sei': '9.09'}",CHEMBL3145411,,CHEMBL3145411,6.04,0,http://www.openphacts.org/units/Nanomolar,1966017,=,1,1,=,,IC50,nM,,910.0,CHEMBL3112376,Homo sapiens,Alpha-ketoglutarate-dependent dioxygenase alkB homolog 3,9606,,,IC50,uM,UO_0000065,,0.91
,,13902197,[],CHEMBL3119218,Inhibition of demethylase activity of PCA-1 (unknown origin) using 3-methyl cytosine oligo DNA as substrate after 1 hr by RT-PCR analysis,B,,,BAO_0000190,BAO_0000357,single protein format,Cc1[nH]n(-c2nc3cc(-c4ccccc4)ccc3[nH]2)c(=O)c1Cc1ccccc1,,,CHEMBL3112445,Bioorg Med Chem Lett,2014,"{'bei': '16.01', 'le': '0.29', 'lle': '1.48', 'sei': '9.16'}",CHEMBL3145449,,CHEMBL3145449,6.09,0,http://www.openphacts.org/units/Nanomolar,1966009,=,1,1,=,,IC50,nM,,810.0,CHEMBL3112376,Homo sapiens,Alpha-ketoglutarate-dependent dioxygenase alkB homolog 3,9606,,,IC50,uM,UO_0000065,,0.81
,,13902198,[],CHEMBL3119218,Inhibition of demethylase activity of PCA-1 (unknown origin) using 3-methyl cytosine oligo DNA as substrate after 1 hr by RT-PCR analysis,B,,,BAO_0000190,BAO_0000357,single protein format,Cc1ccc2[nH]c(-n3[nH]c(C)c(Cc4ccc(F)cc4)c3=O)nc2c1,,,CHEMBL3112445,Bioorg Med Chem Lett,2014,"{'bei': '18.16', 'le': '0.33', 'lle': '2.72', 'sei': '9.19'}",CHEMBL3145413,,CHEMBL3145413,6.11,0,http://www.openphacts.org/units/Nanomolar,1966019,=,1,1,=,,IC50,nM,,780.0,CHEMBL3112376,Homo sapiens,Alpha-ketoglutarate-dependent dioxygenase alkB homolog 3,9606,,,IC50,uM,UO_0000065,,0.78
,,13902199,[],CHEMBL3119218,Inhibition of demethylase activity of PCA-1 (unknown origin) using 3-methyl cytosine oligo DNA as substrate after 1 hr by RT-PCR analysis,B,,,BAO_0000190,BAO_0000357,single protein format,Cc1ccc2[nH]c(-n3[nH]c(C)c(Cc4ccc(Cl)cc4)c3=O)nc2c1,,,CHEMBL3112445,Bioorg Med Chem Lett,2014,"{'bei': '17.36', 'le': '0.33', 'lle': '2.22', 'sei': '9.21'}",CHEMBL3145412,,CHEMBL3145412,6.12,0,http://www.openphacts.org/units/Nanomolar,1966018,=,1,1,=,,IC50,nM,,750.0,CHEMBL3112376,Homo sapiens,Alpha-ketoglutarate-dependent dioxygenase alkB homolog 3,9606,,,IC50,uM,UO_0000065,,0.75
,,13902200,[],CHEMBL3119218,Inhibition of demethylase activity of PCA-1 (unknown origin) using 3-methyl cytosine oligo DNA as substrate after 1 hr by RT-PCR analysis,B,,,BAO_0000190,BAO_0000357,single protein format,Cc1[nH]n(-c2nc3ccccc3[nH]2)c(=O)c1Cc1ccc2ccccc2c1,,,CHEMBL3112445,Bioorg Med Chem Lett,2014,"{'bei': '17.28', 'le': '0.31', 'lle': '2.03', 'sei': '9.21'}",CHEMBL3145430,,CHEMBL3145430,6.12,0,http://www.openphacts.org/units/Nanomolar,1965985,=,1,1,=,,IC50,nM,,750.0,CHEMBL3112376,Homo sapiens,Alpha-ketoglutarate-dependent dioxygenase alkB homolog 3,9606,,,IC50,uM,UO_0000065,,0.75
,,13902201,[],CHEMBL3119218,Inhibition of demethylase activity of PCA-1 (unknown origin) using 3-methyl cytosine oligo DNA as substrate after 1 hr by RT-PCR analysis,B,,,BAO_0000190,BAO_0000357,single protein format,Cc1ccc2[nH]c(-n3[nH]c(C)c(Cc4ccc(Cl)c(Cl)c4)c3=O)nc2c1,,,CHEMBL3112445,Bioorg Med Chem Lett,2014,"{'bei': '15.86', 'le': '0.32', 'lle': '1.58', 'sei': '9.24'}",CHEMBL3145410,,CHEMBL3145410,6.14,0,http://www.openphacts.org/units/Nanomolar,1966016,=,1,1,=,,IC50,nM,,720.0,CHEMBL3112376,Homo sapiens,Alpha-ketoglutarate-dependent dioxygenase alkB homolog 3,9606,,,IC50,uM,UO_0000065,,0.72
,,13902202,[],CHEMBL3119218,Inhibition of demethylase activity of PCA-1 (unknown origin) using 3-methyl cytosine oligo DNA as substrate after 1 hr by RT-PCR analysis,B,,,BAO_0000190,BAO_0000357,single protein format,Cc1[nH]n(-c2nc3ccccc3[nH]2)c(=O)c1Cc1ccc(-c2ccccc2)cc1,,,CHEMBL3112445,Bioorg Med Chem Lett,2014,"{'bei': '16.15', 'le': '0.29', 'lle': '1.53', 'sei': '9.24'}",CHEMBL3145443,,CHEMBL3145443,6.14,0,http://www.openphacts.org/units/Nanomolar,1966002,=,1,1,=,,IC50,nM,,720.0,CHEMBL3112376,Homo sapiens,Alpha-ketoglutarate-dependent dioxygenase alkB homolog 3,9606,,,IC50,uM,UO_0000065,,0.72
,,13902203,[],CHEMBL3119218,Inhibition of demethylase activity of PCA-1 (unknown origin) using 3-methyl cytosine oligo DNA as substrate after 1 hr by RT-PCR analysis,B,,,BAO_0000190,BAO_0000357,single protein format,COc1ccc(Cc2c(C)[nH]n(-c3nc4cc(C)ccc4[nH]3)c2=O)cc1,,,CHEMBL3112445,Bioorg Med Chem Lett,2014,"{'bei': '17.70', 'le': '0.32', 'lle': '2.91', 'sei': '8.15'}",CHEMBL3145452,,CHEMBL3145452,6.17,0,http://www.openphacts.org/units/Nanomolar,1966015,=,1,1,=,,IC50,nM,,680.0,CHEMBL3112376,Homo sapiens,Alpha-ketoglutarate-dependent dioxygenase alkB homolog 3,9606,,,IC50,uM,UO_0000065,,0.68
,,13902204,[],CHEMBL3119218,Inhibition of demethylase activity of PCA-1 (unknown origin) using 3-methyl cytosine oligo DNA as substrate after 1 hr by RT-PCR analysis,B,,,BAO_0000190,BAO_0000357,single protein format,Cc1ccc2[nH]c(-n3[nH]c(C)c(Cc4ccccc4)c3=O)nc2c1,,,CHEMBL3112445,Bioorg Med Chem Lett,2014,"{'bei': '19.39', 'le': '0.35', 'lle': '2.92', 'sei': '9.29'}",CHEMBL3145419,,CHEMBL3145419,6.17,0,http://www.openphacts.org/units/Nanomolar,1966004,=,1,1,=,,IC50,nM,,670.0,CHEMBL3112376,Homo sapiens,Alpha-ketoglutarate-dependent dioxygenase alkB homolog 3,9606,,,IC50,uM,UO_0000065,,0.67
,,13902205,[],CHEMBL3119218,Inhibition of demethylase activity of PCA-1 (unknown origin) using 3-methyl cytosine oligo DNA as substrate after 1 hr by RT-PCR analysis,B,,,BAO_0000190,BAO_0000357,single protein format,Cc1[nH]n(-c2nc3cc(C(C)(C)C)ccc3[nH]2)c(=O)c1Cc1ccccc1,,,CHEMBL3112445,Bioorg Med Chem Lett,2014,"{'bei': '17.18', 'le': '0.31', 'lle': '1.95', 'sei': '9.32'}",CHEMBL3145448,,CHEMBL3145448,6.19,0,http://www.openphacts.org/units/Nanomolar,1966008,=,1,1,=,,IC50,nM,,640.0,CHEMBL3112376,Homo sapiens,Alpha-ketoglutarate-dependent dioxygenase alkB homolog 3,9606,,,IC50,uM,UO_0000065,,0.64
,,13902206,[],CHEMBL3119218,Inhibition of demethylase activity of PCA-1 (unknown origin) using 3-methyl cytosine oligo DNA as substrate after 1 hr by RT-PCR analysis,B,,,BAO_0000190,BAO_0000357,single protein format,COc1ccc(Cc2c(C)[nH]n(-c3nc4ccccc4[nH]3)c2=O)cc1,,,CHEMBL3112445,Bioorg Med Chem Lett,2014,"{'bei': '18.54', 'le': '0.34', 'lle': '3.25', 'sei': '8.19'}",CHEMBL3145442,,CHEMBL3145442,6.20,0,http://www.openphacts.org/units/Nanomolar,1966001,=,1,1,=,,IC50,nM,,630.0,CHEMBL3112376,Homo sapiens,Alpha-ketoglutarate-dependent dioxygenase alkB homolog 3,9606,,,IC50,uM,UO_0000065,,0.63
,,13902207,[],CHEMBL3119218,Inhibition of demethylase activity of PCA-1 (unknown origin) using 3-methyl cytosine oligo DNA as substrate after 1 hr by RT-PCR analysis,B,,,BAO_0000190,BAO_0000357,single protein format,Cc1[nH]n(-c2nc3cc(C(F)(F)F)ccc3[nH]2)c(=O)c1Cc1ccccc1,,,CHEMBL3112445,Bioorg Med Chem Lett,2014,"{'bei': '16.69', 'le': '0.31', 'lle': '2.25', 'sei': '9.35'}",CHEMBL3145447,,CHEMBL3145447,6.21,0,http://www.openphacts.org/units/Nanomolar,1966007,=,1,1,=,,IC50,nM,,610.0,CHEMBL3112376,Homo sapiens,Alpha-ketoglutarate-dependent dioxygenase alkB homolog 3,9606,,,IC50,uM,UO_0000065,,0.61
,,13902208,[],CHEMBL3119218,Inhibition of demethylase activity of PCA-1 (unknown origin) using 3-methyl cytosine oligo DNA as substrate after 1 hr by RT-PCR analysis,B,,,BAO_0000190,BAO_0000357,single protein format,Cc1[nH]n(-c2nc3ccccc3[nH]2)c(=O)c1Cc1ccc(F)cc1,,,CHEMBL3112445,Bioorg Med Chem Lett,2014,"{'bei': '19.30', 'le': '0.35', 'lle': '3.14', 'sei': '9.36'}",CHEMBL3145441,,CHEMBL3145441,6.22,0,http://www.openphacts.org/units/Nanomolar,1966000,=,1,1,=,,IC50,nM,,600.0,CHEMBL3112376,Homo sapiens,Alpha-ketoglutarate-dependent dioxygenase alkB homolog 3,9606,,,IC50,uM,UO_0000065,,0.6
,,13902209,[],CHEMBL3119218,Inhibition of demethylase activity of PCA-1 (unknown origin) using 3-methyl cytosine oligo DNA as substrate after 1 hr by RT-PCR analysis,B,,,BAO_0000190,BAO_0000357,single protein format,Cc1ccc2[nH]c(-n3[nH]c(C)c(Cc4ccc(C(F)(F)F)cc4)c3=O)nc2c1,,,CHEMBL3112445,Bioorg Med Chem Lett,2014,"{'bei': '16.16', 'le': '0.30', 'lle': '1.97', 'sei': '9.39'}",CHEMBL3145451,,CHEMBL3145451,6.24,0,http://www.openphacts.org/units/Nanomolar,1966014,=,1,1,=,,IC50,nM,,570.0,CHEMBL3112376,Homo sapiens,Alpha-ketoglutarate-dependent dioxygenase alkB homolog 3,9606,,,IC50,uM,UO_0000065,,0.57
,,13902210,[],CHEMBL3119218,Inhibition of demethylase activity of PCA-1 (unknown origin) using 3-methyl cytosine oligo DNA as substrate after 1 hr by RT-PCR analysis,B,,,BAO_0000190,BAO_0000357,single protein format,Cc1[nH]n(-c2nc3ccccc3[nH]2)c(=O)c1Cc1ccc(C(F)(F)F)cc1,,,CHEMBL3112445,Bioorg Med Chem Lett,2014,"{'bei': '16.81', 'le': '0.32', 'lle': '2.30', 'sei': '9.42'}",CHEMBL3145440,,CHEMBL3145440,6.26,0,http://www.openphacts.org/units/Nanomolar,1965999,=,1,1,=,,IC50,nM,,550.0,CHEMBL3112376,Homo sapiens,Alpha-ketoglutarate-dependent dioxygenase alkB homolog 3,9606,,,IC50,uM,UO_0000065,,0.55
,,13902211,[],CHEMBL3119218,Inhibition of demethylase activity of PCA-1 (unknown origin) using 3-methyl cytosine oligo DNA as substrate after 1 hr by RT-PCR analysis,B,,,BAO_0000190,BAO_0000357,single protein format,Cc1[nH]n(-c2nc3ccccc3[nH]2)c(=O)c1Cc1cccc(Cl)c1,,,CHEMBL3112445,Bioorg Med Chem Lett,2014,"{'bei': '18.50', 'le': '0.36', 'lle': '2.68', 'sei': '9.43'}",CHEMBL3145436,,CHEMBL3145436,6.27,0,http://www.openphacts.org/units/Nanomolar,1965995,=,1,1,=,,IC50,nM,,540.0,CHEMBL3112376,Homo sapiens,Alpha-ketoglutarate-dependent dioxygenase alkB homolog 3,9606,,,IC50,uM,UO_0000065,,0.54
,,13902212,[],CHEMBL3119218,Inhibition of demethylase activity of PCA-1 (unknown origin) using 3-methyl cytosine oligo DNA as substrate after 1 hr by RT-PCR analysis,B,,,BAO_0000190,BAO_0000357,single protein format,Cc1[nH]n(-c2nc3cc(Br)ccc3[nH]2)c(=O)c1Cc1ccccc1,,,CHEMBL3112445,Bioorg Med Chem Lett,2014,"{'bei': '16.46', 'le': '0.36', 'lle': '2.61', 'sei': '9.49'}",CHEMBL3145446,,CHEMBL3145446,6.31,0,http://www.openphacts.org/units/Nanomolar,1966006,=,1,1,=,,IC50,nM,,490.0,CHEMBL3112376,Homo sapiens,Alpha-ketoglutarate-dependent dioxygenase alkB homolog 3,9606,,,IC50,uM,UO_0000065,,0.49
,,13902213,[],CHEMBL3119218,Inhibition of demethylase activity of PCA-1 (unknown origin) using 3-methyl cytosine oligo DNA as substrate after 1 hr by RT-PCR analysis,B,,,BAO_0000190,BAO_0000357,single protein format,Cc1[nH]n(-c2nc3ccccc3[nH]2)c(=O)c1Cc1ccccc1,,,CHEMBL3112445,Bioorg Med Chem Lett,2014,"{'bei': '20.76', 'le': '0.38', 'lle': '3.38', 'sei': '9.51'}",CHEMBL3145429,,CHEMBL3145429,6.32,0,http://www.openphacts.org/units/Nanomolar,1965984,=,1,1,=,,IC50,nM,,480.0,CHEMBL3112376,Homo sapiens,Alpha-ketoglutarate-dependent dioxygenase alkB homolog 3,9606,,,IC50,uM,UO_0000065,,0.48
,,18671803,[],CHEMBL4234810,Inhibition of recombinant human AlkBH3 assessed as reduction in formaldehyde release using 40-mer single N3-meC as substrate incubated for 60 mins followed by substrate addition measured after 15 mins by fluorescence assay,B,,,BAO_0000190,BAO_0000357,single protein format,COc1ccc(C2=C(c3ccc(OC)c(OC)c3)c3cc(-c4ccc(C)cc4)ccc3C2=O)cc1OC,,,CHEMBL4229474,Bioorg Med Chem,2018,,CHEMBL4241063,,CHEMBL4241063,,0,http://www.openphacts.org/units/Nanomolar,3101098,>,1,1,>,,IC50,nM,,50000.0,CHEMBL3112376,Homo sapiens,Alpha-ketoglutarate-dependent dioxygenase alkB homolog 3,9606,,,IC50,uM,UO_0000065,,50.0
,,18671804,[],CHEMBL4234810,Inhibition of recombinant human AlkBH3 assessed as reduction in formaldehyde release using 40-mer single N3-meC as substrate incubated for 60 mins followed by substrate addition measured after 15 mins by fluorescence assay,B,,,BAO_0000190,BAO_0000357,single protein format,COc1cccc(C2=C(c3cccc(OC)c3)c3cc(-c4ccc(C)cc4)ccc3C2=O)c1,,,CHEMBL4229474,Bioorg Med Chem,2018,"{'bei': '11.29', 'le': '0.20', 'lle': '-1.95', 'sei': '13.74'}",CHEMBL4242283,,CHEMBL4242283,4.88,0,http://www.openphacts.org/units/Nanomolar,3101097,=,1,1,=,,IC50,nM,,13100.0,CHEMBL3112376,Homo sapiens,Alpha-ketoglutarate-dependent dioxygenase alkB homolog 3,9606,,,IC50,uM,UO_0000065,,13.1
,,18671805,[],CHEMBL4234810,Inhibition of recombinant human AlkBH3 assessed as reduction in formaldehyde release using 40-mer single N3-meC as substrate incubated for 60 mins followed by substrate addition measured after 15 mins by fluorescence assay,B,,,BAO_0000190,BAO_0000357,single protein format,COc1ccc(C2=C(c3ccc(OC)cc3)c3cc(-c4ccccc4)ccc3C2=O)cc1,,,CHEMBL4229474,Bioorg Med Chem,2018,,CHEMBL4238139,,CHEMBL4238139,,0,http://www.openphacts.org/units/Nanomolar,3101096,>,1,1,>,,IC50,nM,,50000.0,CHEMBL3112376,Homo sapiens,Alpha-ketoglutarate-dependent dioxygenase alkB homolog 3,9606,,,IC50,uM,UO_0000065,,50.0
,,18671806,[],CHEMBL4234810,Inhibition of recombinant human AlkBH3 assessed as reduction in formaldehyde release using 40-mer single N3-meC as substrate incubated for 60 mins followed by substrate addition measured after 15 mins by fluorescence assay,B,,,BAO_0000190,BAO_0000357,single protein format,O=C1C(c2ccccc2)=C(c2ccccc2)c2cc(-c3ccccc3)ccc21,,,CHEMBL4229474,Bioorg Med Chem,2018,,CHEMBL4245395,,CHEMBL4245395,,0,http://www.openphacts.org/units/Nanomolar,3101095,>,1,1,>,,IC50,nM,,50000.0,CHEMBL3112376,Homo sapiens,Alpha-ketoglutarate-dependent dioxygenase alkB homolog 3,9606,,,IC50,uM,UO_0000065,,50.0
,,18671807,[],CHEMBL4234810,Inhibition of recombinant human AlkBH3 assessed as reduction in formaldehyde release using 40-mer single N3-meC as substrate incubated for 60 mins followed by substrate addition measured after 15 mins by fluorescence assay,B,,,BAO_0000190,BAO_0000357,single protein format,COc1ccc(C2=C(c3ccc(OC)c(OC)c3)c3cc(-c4ccccc4)ccc3C2=O)cc1OC,,,CHEMBL4229474,Bioorg Med Chem,2018,,CHEMBL4248609,,CHEMBL4248609,,0,http://www.openphacts.org/units/Nanomolar,3101094,>,1,1,>,,IC50,nM,,50000.0,CHEMBL3112376,Homo sapiens,Alpha-ketoglutarate-dependent dioxygenase alkB homolog 3,9606,,,IC50,uM,UO_0000065,,50.0
,,18671808,[],CHEMBL4234810,Inhibition of recombinant human AlkBH3 assessed as reduction in formaldehyde release using 40-mer single N3-meC as substrate incubated for 60 mins followed by substrate addition measured after 15 mins by fluorescence assay,B,,,BAO_0000190,BAO_0000357,single protein format,COc1cccc(C2=C(c3cccc(OC)c3)c3cc(-c4ccccc4)ccc3C2=O)c1,,,CHEMBL4229474,Bioorg Med Chem,2018,,CHEMBL4241768,,CHEMBL4241768,,0,http://www.openphacts.org/units/Nanomolar,3101093,>,1,1,>,,IC50,nM,,50000.0,CHEMBL3112376,Homo sapiens,Alpha-ketoglutarate-dependent dioxygenase alkB homolog 3,9606,,,IC50,uM,UO_0000065,,50.0
,,18671809,[],CHEMBL4234810,Inhibition of recombinant human AlkBH3 assessed as reduction in formaldehyde release using 40-mer single N3-meC as substrate incubated for 60 mins followed by substrate addition measured after 15 mins by fluorescence assay,B,,,BAO_0000190,BAO_0000357,single protein format,Cc1ccc2c(c1)C(c1ccc(Cl)c(Cl)c1)=C(c1ccc(Cl)c(Cl)c1)C2=O,,,CHEMBL4229474,Bioorg Med Chem,2018,"{'bei': '10.34', 'le': '0.23', 'lle': '-3.27', 'sei': '26.31'}",CHEMBL4246014,,CHEMBL4246014,4.49,0,http://www.openphacts.org/units/Nanomolar,3101092,=,1,1,=,,IC50,nM,,32300.0,CHEMBL3112376,Homo sapiens,Alpha-ketoglutarate-dependent dioxygenase alkB homolog 3,9606,,,IC50,uM,UO_0000065,,32.3
,,18671810,[],CHEMBL4234810,Inhibition of recombinant human AlkBH3 assessed as reduction in formaldehyde release using 40-mer single N3-meC as substrate incubated for 60 mins followed by substrate addition measured after 15 mins by fluorescence assay,B,,,BAO_0000190,BAO_0000357,single protein format,Cc1ccc(C2=C(c3ccc(C)cc3)c3cc(C)ccc3C2=O)cc1,,,CHEMBL4229474,Bioorg Med Chem,2018,,CHEMBL4247017,,CHEMBL4247017,,0,http://www.openphacts.org/units/Nanomolar,3101091,>,1,1,>,,IC50,nM,,50000.0,CHEMBL3112376,Homo sapiens,Alpha-ketoglutarate-dependent dioxygenase alkB homolog 3,9606,,,IC50,uM,UO_0000065,,50.0
,,18671811,[],CHEMBL4234810,Inhibition of recombinant human AlkBH3 assessed as reduction in formaldehyde release using 40-mer single N3-meC as substrate incubated for 60 mins followed by substrate addition measured after 15 mins by fluorescence assay,B,,,BAO_0000190,BAO_0000357,single protein format,COc1ccc(C2=C(c3ccc(OC)c(OC)c3)c3cc(C)ccc3C2=O)cc1OC,,,CHEMBL4229474,Bioorg Med Chem,2018,,CHEMBL4243033,,CHEMBL4243033,,0,http://www.openphacts.org/units/Nanomolar,3101090,>,1,1,>,,IC50,nM,,50000.0,CHEMBL3112376,Homo sapiens,Alpha-ketoglutarate-dependent dioxygenase alkB homolog 3,9606,,,IC50,uM,UO_0000065,,50.0
,,18671812,[],CHEMBL4234810,Inhibition of recombinant human AlkBH3 assessed as reduction in formaldehyde release using 40-mer single N3-meC as substrate incubated for 60 mins followed by substrate addition measured after 15 mins by fluorescence assay,B,,,BAO_0000190,BAO_0000357,single protein format,Cc1ccc2c(c1)C(c1ccccc1)=C(c1ccccc1)C2=O,,,CHEMBL4229474,Bioorg Med Chem,2018,,CHEMBL4249343,,CHEMBL4249343,,0,http://www.openphacts.org/units/Nanomolar,3101089,>,1,1,>,,IC50,nM,,50000.0,CHEMBL3112376,Homo sapiens,Alpha-ketoglutarate-dependent dioxygenase alkB homolog 3,9606,,,IC50,uM,UO_0000065,,50.0
,,18671813,[],CHEMBL4234810,Inhibition of recombinant human AlkBH3 assessed as reduction in formaldehyde release using 40-mer single N3-meC as substrate incubated for 60 mins followed by substrate addition measured after 15 mins by fluorescence assay,B,,,BAO_0000190,BAO_0000357,single protein format,COc1ccc(C2=C(c3ccc(OC)cc3)c3cc(C)ccc3C2=O)cc1,,,CHEMBL4229474,Bioorg Med Chem,2018,,CHEMBL4239269,,CHEMBL4239269,,0,http://www.openphacts.org/units/Nanomolar,3101088,>,1,1,>,,IC50,nM,,50000.0,CHEMBL3112376,Homo sapiens,Alpha-ketoglutarate-dependent dioxygenase alkB homolog 3,9606,,,IC50,uM,UO_0000065,,50.0
,,18671814,[],CHEMBL4234810,Inhibition of recombinant human AlkBH3 assessed as reduction in formaldehyde release using 40-mer single N3-meC as substrate incubated for 60 mins followed by substrate addition measured after 15 mins by fluorescence assay,B,,,BAO_0000190,BAO_0000357,single protein format,COc1cccc(C2=C(c3cccc(OC)c3)c3cc(C)ccc3C2=O)c1,,,CHEMBL4229474,Bioorg Med Chem,2018,,CHEMBL4246374,,CHEMBL4246374,,0,http://www.openphacts.org/units/Nanomolar,3101087,>,1,1,>,,IC50,nM,,50000.0,CHEMBL3112376,Homo sapiens,Alpha-ketoglutarate-dependent dioxygenase alkB homolog 3,9606,,,IC50,uM,UO_0000065,,50.0
,,18671815,[],CHEMBL4234810,Inhibition of recombinant human AlkBH3 assessed as reduction in formaldehyde release using 40-mer single N3-meC as substrate incubated for 60 mins followed by substrate addition measured after 15 mins by fluorescence assay,B,,,BAO_0000190,BAO_0000357,single protein format,COc1ccc(C2=C(c3cc(OC)cc(OC)c3)C(=O)c3ccc(-c4ccc(C)cc4)cc32)cc1,,,CHEMBL4229474,Bioorg Med Chem,2018,,CHEMBL4246251,,CHEMBL4246251,,0,http://www.openphacts.org/units/Nanomolar,3101086,>,1,1,>,,IC50,nM,,50000.0,CHEMBL3112376,Homo sapiens,Alpha-ketoglutarate-dependent dioxygenase alkB homolog 3,9606,,,IC50,uM,UO_0000065,,50.0
,,18671816,[],CHEMBL4234810,Inhibition of recombinant human AlkBH3 assessed as reduction in formaldehyde release using 40-mer single N3-meC as substrate incubated for 60 mins followed by substrate addition measured after 15 mins by fluorescence assay,B,,,BAO_0000190,BAO_0000357,single protein format,COc1ccc(C2=C(c3cc(OC)cc(OC)c3)C(=O)c3ccc(-c4ccccc4)cc32)cc1,,,CHEMBL4229474,Bioorg Med Chem,2018,,CHEMBL4242575,,CHEMBL4242575,,0,http://www.openphacts.org/units/Nanomolar,3101085,>,1,1,>,,IC50,nM,,50000.0,CHEMBL3112376,Homo sapiens,Alpha-ketoglutarate-dependent dioxygenase alkB homolog 3,9606,,,IC50,uM,UO_0000065,,50.0
,,18671817,[],CHEMBL4234810,Inhibition of recombinant human AlkBH3 assessed as reduction in formaldehyde release using 40-mer single N3-meC as substrate incubated for 60 mins followed by substrate addition measured after 15 mins by fluorescence assay,B,,,BAO_0000190,BAO_0000357,single protein format,COc1ccc(C2=C(c3cc(OC)cc(OC)c3)C(=O)c3ccc(C)cc32)cc1,,,CHEMBL4229474,Bioorg Med Chem,2018,,CHEMBL4246825,,CHEMBL4246825,,0,http://www.openphacts.org/units/Nanomolar,3101084,>,1,1,>,,IC50,nM,,50000.0,CHEMBL3112376,Homo sapiens,Alpha-ketoglutarate-dependent dioxygenase alkB homolog 3,9606,,,IC50,uM,UO_0000065,,50.0
,,18671818,[],CHEMBL4234810,Inhibition of recombinant human AlkBH3 assessed as reduction in formaldehyde release using 40-mer single N3-meC as substrate incubated for 60 mins followed by substrate addition measured after 15 mins by fluorescence assay,B,,,BAO_0000190,BAO_0000357,single protein format,COc1ccc(C2=C(c3cc(OC)cc(OC)c3)c3cc(C)ccc3C2=O)cc1,,,CHEMBL4229474,Bioorg Med Chem,2018,,CHEMBL4249595,,CHEMBL4249595,,0,http://www.openphacts.org/units/Nanomolar,3101083,>,1,1,>,,IC50,nM,,50000.0,CHEMBL3112376,Homo sapiens,Alpha-ketoglutarate-dependent dioxygenase alkB homolog 3,9606,,,IC50,uM,UO_0000065,,50.0
,,18671819,[],CHEMBL4234810,Inhibition of recombinant human AlkBH3 assessed as reduction in formaldehyde release using 40-mer single N3-meC as substrate incubated for 60 mins followed by substrate addition measured after 15 mins by fluorescence assay,B,,,BAO_0000190,BAO_0000357,single protein format,COc1ccc(C2=C(Cl)C(=O)c3ccc(-c4ccc(C)cc4)cc32)cc1,,,CHEMBL4229474,Bioorg Med Chem,2018,"{'bei': '13.88', 'le': '0.26', 'lle': '-0.86', 'sei': '19.04'}",CHEMBL4239759,,CHEMBL4239759,5.01,0,http://www.openphacts.org/units/Nanomolar,3101082,=,1,1,=,,IC50,nM,,9800.0,CHEMBL3112376,Homo sapiens,Alpha-ketoglutarate-dependent dioxygenase alkB homolog 3,9606,,,IC50,uM,UO_0000065,,9.8
,,18671820,[],CHEMBL4234810,Inhibition of recombinant human AlkBH3 assessed as reduction in formaldehyde release using 40-mer single N3-meC as substrate incubated for 60 mins followed by substrate addition measured after 15 mins by fluorescence assay,B,,,BAO_0000190,BAO_0000357,single protein format,COc1ccc(C2=C(Cl)C(=O)c3ccc(-c4ccccc4)cc32)cc1,,,CHEMBL4229474,Bioorg Med Chem,2018,,CHEMBL4247778,,CHEMBL4247778,,0,http://www.openphacts.org/units/Nanomolar,3101081,>,1,1,>,,IC50,nM,,50000.0,CHEMBL3112376,Homo sapiens,Alpha-ketoglutarate-dependent dioxygenase alkB homolog 3,9606,,,IC50,uM,UO_0000065,,50.0
,,18671821,[],CHEMBL4234810,Inhibition of recombinant human AlkBH3 assessed as reduction in formaldehyde release using 40-mer single N3-meC as substrate incubated for 60 mins followed by substrate addition measured after 15 mins by fluorescence assay,B,,,BAO_0000190,BAO_0000357,single protein format,COc1ccc(C2=C(Cl)C(=O)c3ccc(C)cc32)cc1,,,CHEMBL4229474,Bioorg Med Chem,2018,,CHEMBL4243556,,CHEMBL4243556,,0,http://www.openphacts.org/units/Nanomolar,3101080,>,1,1,>,,IC50,nM,,50000.0,CHEMBL3112376,Homo sapiens,Alpha-ketoglutarate-dependent dioxygenase alkB homolog 3,9606,,,IC50,uM,UO_0000065,,50.0
,,18671822,[],CHEMBL4234810,Inhibition of recombinant human AlkBH3 assessed as reduction in formaldehyde release using 40-mer single N3-meC as substrate incubated for 60 mins followed by substrate addition measured after 15 mins by fluorescence assay,B,,,BAO_0000190,BAO_0000357,single protein format,Cc1ccc2c(c1)C(c1cccc3ccccc13)=C(Br)C2=O,,,CHEMBL4229474,Bioorg Med Chem,2018,,CHEMBL4237310,,CHEMBL4237310,,0,http://www.openphacts.org/units/Nanomolar,3101079,>,1,1,>,,IC50,nM,,50000.0,CHEMBL3112376,Homo sapiens,Alpha-ketoglutarate-dependent dioxygenase alkB homolog 3,9606,,,IC50,uM,UO_0000065,,50.0
,,18671823,[],CHEMBL4234810,Inhibition of recombinant human AlkBH3 assessed as reduction in formaldehyde release using 40-mer single N3-meC as substrate incubated for 60 mins followed by substrate addition measured after 15 mins by fluorescence assay,B,,,BAO_0000190,BAO_0000357,single protein format,Cc1ccc(C2=C(Br)C(=O)c3ccc(C)cc32)cc1,,,CHEMBL4229474,Bioorg Med Chem,2018,,CHEMBL4247330,,CHEMBL4247330,,0,http://www.openphacts.org/units/Nanomolar,3101078,>,1,1,>,,IC50,nM,,50000.0,CHEMBL3112376,Homo sapiens,Alpha-ketoglutarate-dependent dioxygenase alkB homolog 3,9606,,,IC50,uM,UO_0000065,,50.0
,,18671824,[],CHEMBL4234810,Inhibition of recombinant human AlkBH3 assessed as reduction in formaldehyde release using 40-mer single N3-meC as substrate incubated for 60 mins followed by substrate addition measured after 15 mins by fluorescence assay,B,,,BAO_0000190,BAO_0000357,single protein format,Cc1ccc2c(c1)C(c1ccccc1)=C(Br)C2=O,,,CHEMBL4229474,Bioorg Med Chem,2018,,CHEMBL4241045,,CHEMBL4241045,,0,http://www.openphacts.org/units/Nanomolar,3101077,>,1,1,>,,IC50,nM,,50000.0,CHEMBL3112376,Homo sapiens,Alpha-ketoglutarate-dependent dioxygenase alkB homolog 3,9606,,,IC50,uM,UO_0000065,,50.0
,,18671825,[],CHEMBL4234810,Inhibition of recombinant human AlkBH3 assessed as reduction in formaldehyde release using 40-mer single N3-meC as substrate incubated for 60 mins followed by substrate addition measured after 15 mins by fluorescence assay,B,,,BAO_0000190,BAO_0000357,single protein format,COc1ccc(C2=C(Br)C(=O)c3ccc(C)cc32)cc1OC,,,CHEMBL4229474,Bioorg Med Chem,2018,,CHEMBL4247120,,CHEMBL4247120,,0,http://www.openphacts.org/units/Nanomolar,3101101,>,1,1,>,,IC50,nM,,50000.0,CHEMBL3112376,Homo sapiens,Alpha-ketoglutarate-dependent dioxygenase alkB homolog 3,9606,,,IC50,uM,UO_0000065,,50.0
,,18671826,[],CHEMBL4234810,Inhibition of recombinant human AlkBH3 assessed as reduction in formaldehyde release using 40-mer single N3-meC as substrate incubated for 60 mins followed by substrate addition measured after 15 mins by fluorescence assay,B,,,BAO_0000190,BAO_0000357,single protein format,COc1ccc(C2=C(Br)C(=O)c3ccc(C)cc32)cc1,,,CHEMBL4229474,Bioorg Med Chem,2018,"{'bei': '13.26', 'le': '0.30', 'lle': '0.01', 'sei': '16.60'}",CHEMBL4244786,,CHEMBL4244786,4.37,0,http://www.openphacts.org/units/Nanomolar,3101100,=,1,1,=,,IC50,nM,,43170.0,CHEMBL3112376,Homo sapiens,Alpha-ketoglutarate-dependent dioxygenase alkB homolog 3,9606,,,IC50,uM,UO_0000065,,43.17
,,18671827,[],CHEMBL4234810,Inhibition of recombinant human AlkBH3 assessed as reduction in formaldehyde release using 40-mer single N3-meC as substrate incubated for 60 mins followed by substrate addition measured after 15 mins by fluorescence assay,B,,,BAO_0000190,BAO_0000357,single protein format,COc1cc(OC)cc(C2=C(Br)C(=O)c3ccc(C)cc32)c1,,,CHEMBL4229474,Bioorg Med Chem,2018,,CHEMBL4243364,,CHEMBL4243364,,0,http://www.openphacts.org/units/Nanomolar,3101099,>,1,1,>,,IC50,nM,,50000.0,CHEMBL3112376,Homo sapiens,Alpha-ketoglutarate-dependent dioxygenase alkB homolog 3,9606,,,IC50,uM,UO_0000065,,50.0
"{'action_type': 'INHIBITOR', 'description': 'Negatively effects (inhibits) the normal functioning of the protein e.g., prevention of enzymatic reaction or activation of downstream pathway', 'parent_type': 'NEGATIVE MODULATOR'}",,24731453,[],CHEMBL5115881,Inhibition of human full lenth N-terminal His6-tagged ALKBH3 (1 to 286 residues) expressed in Escherichia coli BL21 (DE3) Rosetta cells,B,,,BAO_0000190,BAO_0000219,cell-based format,O=C(O)c1ccnc(C(=O)NS(=O)(=O)c2ccccc2[N+](=O)[O-])c1,,,CHEMBL5113412,Eur J Med Chem,2022,"{'bei': '14.82', 'le': '0.30', 'lle': '4.40', 'sei': '3.33'}",CHEMBL5169684,,CHEMBL5169684,5.21,1,http://www.openphacts.org/units/Nanomolar,3857835,=,1,1,=,,IC50,nM,,6200.0,CHEMBL3112376,Homo sapiens,Alpha-ketoglutarate-dependent dioxygenase alkB homolog 3,9606,,,IC50,uM,UO_0000065,,6.2
"{'action_type': 'INHIBITOR', 'description': 'Negatively effects (inhibits) the normal functioning of the protein e.g., prevention of enzymatic reaction or activation of downstream pathway', 'parent_type': 'NEGATIVE MODULATOR'}",,24988994,[],CHEMBL5229113,Inhibition of human ALKBH3 using ss-m1A DNA as substrate by HPLC analysis,B,,,BAO_0000190,BAO_0000357,single protein format,O=C(O)CC[C@@H](O)C(=O)O,Outside typical range,"Values for this activity type are unusually large/small, so may not be accurate",CHEMBL5226352,J Med Chem,2021,,CHEMBL1614745,,CHEMBL1614745,,0,http://www.openphacts.org/units/Nanomolar,3907348,=,1,1,=,,IC50,nM,,8300000.0,CHEMBL3112376,Homo sapiens,Alpha-ketoglutarate-dependent dioxygenase alkB homolog 3,9606,,,IC50,uM,UO_0000065,,8300.0
"{'action_type': 'INHIBITOR', 'description': 'Negatively effects (inhibits) the normal functioning of the protein e.g., prevention of enzymatic reaction or activation of downstream pathway', 'parent_type': 'NEGATIVE MODULATOR'}",,24988995,[],CHEMBL5229113,Inhibition of human ALKBH3 using ss-m1A DNA as substrate by HPLC analysis,B,,,BAO_0000190,BAO_0000357,single protein format,O=C(O)CC[C@H](O)C(=O)O,Outside typical range,"Values for this activity type are unusually large/small, so may not be accurate",CHEMBL5226352,J Med Chem,2021,,CHEMBL1615211,,CHEMBL1615211,,0,http://www.openphacts.org/units/Nanomolar,3907349,=,1,1,=,,IC50,nM,,24300000.0,CHEMBL3112376,Homo sapiens,Alpha-ketoglutarate-dependent dioxygenase alkB homolog 3,9606,,,IC50,uM,UO_0000065,,24300.0
"{'action_type': 'INHIBITOR', 'description': 'Negatively effects (inhibits) the normal functioning of the protein e.g., prevention of enzymatic reaction or activation of downstream pathway', 'parent_type': 'NEGATIVE MODULATOR'}",,24989016,"[{'comments': None, 'relation': '=', 'result_flag': 0, 'standard_relation': '=', 'standard_text_value': None, 'standard_type': 'TIME', 'standard_units': 'hr', 'standard_value': '0.5', 'text_value': None, 'type': 'TIME', 'units': 'min', 'value': '30.0'}]",CHEMBL5229119,Inhibition of N-terminal His-tagged human ALKBH3 (1 to 286 residues) using m6A-ssDNA as substrate incubated for 30 mins by MALDI-TOF-MS analysis,B,,,BAO_0000190,BAO_0000357,single protein format,O=C(O)CNC(=O)C(=O)O,,,CHEMBL5226352,J Med Chem,2021,"{'bei': '27.29', 'le': '0.55', 'lle': '5.74', 'sei': '3.87'}",CHEMBL90852,N-OXALYLGLYCINE ,CHEMBL90852,4.01,0,http://www.openphacts.org/units/Nanomolar,3907342,=,1,1,=,,IC50,nM,,96800.0,CHEMBL3112376,Homo sapiens,Alpha-ketoglutarate-dependent dioxygenase alkB homolog 3,9606,,,IC50,uM,UO_0000065,,96.8
"{'action_type': 'INHIBITOR', 'description': 'Negatively effects (inhibits) the normal functioning of the protein e.g., prevention of enzymatic reaction or activation of downstream pathway', 'parent_type': 'NEGATIVE MODULATOR'}",,24989017,"[{'comments': None, 'relation': '=', 'result_flag': 0, 'standard_relation': '=', 'standard_text_value': None, 'standard_type': 'TIME', 'standard_units': 'hr', 'standard_value': '0.5', 'text_value': None, 'type': 'TIME', 'units': 'min', 'value': '30.0'}]",CHEMBL5229119,Inhibition of N-terminal His-tagged human ALKBH3 (1 to 286 residues) using m6A-ssDNA as substrate incubated for 30 mins by MALDI-TOF-MS analysis,B,,,BAO_0000190,BAO_0000357,single protein format,O=C(O)/C=C/C(=O)NNC(=O)c1cccnc1,Outside typical range,"Values for this activity type are unusually large/small, so may not be accurate",CHEMBL5226352,J Med Chem,2021,,CHEMBL5274121,,CHEMBL5274121,,0,http://www.openphacts.org/units/Nanomolar,3907355,=,1,1,=,,IC50,nM,,114600.0,CHEMBL3112376,Homo sapiens,Alpha-ketoglutarate-dependent dioxygenase alkB homolog 3,9606,,,IC50,uM,UO_0000065,,114.6
"{'action_type': 'INHIBITOR', 'description': 'Negatively effects (inhibits) the normal functioning of the protein e.g., prevention of enzymatic reaction or activation of downstream pathway', 'parent_type': 'NEGATIVE MODULATOR'}",,24989018,"[{'comments': None, 'relation': '=', 'result_flag': 0, 'standard_relation': '=', 'standard_text_value': None, 'standard_type': 'TIME', 'standard_units': 'hr', 'standard_value': '0.5', 'text_value': None, 'type': 'TIME', 'units': 'min', 'value': '30.0'}]",CHEMBL5229119,Inhibition of N-terminal His-tagged human ALKBH3 (1 to 286 residues) using m6A-ssDNA as substrate incubated for 30 mins by MALDI-TOF-MS analysis,B,,,BAO_0000190,BAO_0000357,single protein format,O=C(O)/C=C/C(=O)NNC(=O)c1cnccc1Cc1ccccc1,,,CHEMBL5226352,J Med Chem,2021,"{'bei': '12.85', 'le': '0.24', 'lle': '3.11', 'sei': '3.86'}",CHEMBL5173876,,CHEMBL5173876,4.18,0,http://www.openphacts.org/units/Nanomolar,3907356,=,1,1,=,,IC50,nM,,66200.0,CHEMBL3112376,Homo sapiens,Alpha-ketoglutarate-dependent dioxygenase alkB homolog 3,9606,,,IC50,uM,UO_0000065,,66.2
,,24989119,[],CHEMBL5229151,Inhibition of human ALKBH3 expressed in Escherichia coli BL21 (DE3) Rosetta cells,B,,,BAO_0000190,BAO_0000219,cell-based format,O=C(O)c1ccnc(C(=O)NS(=O)(=O)c2ccccc2)c1,Outside typical range,"Values for this activity type are unusually large/small, so may not be accurate",CHEMBL5226352,J Med Chem,2021,,CHEMBL5286685,,CHEMBL5286685,,0,http://www.openphacts.org/units/Nanomolar,3907372,>,1,1,>,,IC50,nM,,500000.0,CHEMBL3112376,Homo sapiens,Alpha-ketoglutarate-dependent dioxygenase alkB homolog 3,9606,,,IC50,uM,UO_0000065,,500.0
"{'action_type': 'INHIBITOR', 'description': 'Negatively effects (inhibits) the normal functioning of the protein e.g., prevention of enzymatic reaction or activation of downstream pathway', 'parent_type': 'NEGATIVE MODULATOR'}",,24989120,[],CHEMBL5229151,Inhibition of human ALKBH3 expressed in Escherichia coli BL21 (DE3) Rosetta cells,B,,,BAO_0000190,BAO_0000219,cell-based format,O=C(O)c1ccnc(C(=O)NS(=O)(=O)c2ccc(C(F)(F)F)cc2)c1,,,CHEMBL5226352,J Med Chem,2021,"{'bei': '11.12', 'le': '0.23', 'lle': '2.24', 'sei': '3.67'}",CHEMBL5288180,,CHEMBL5288180,4.16,0,http://www.openphacts.org/units/Nanomolar,3907373,=,1,1,=,,IC50,nM,,69100.0,CHEMBL3112376,Homo sapiens,Alpha-ketoglutarate-dependent dioxygenase alkB homolog 3,9606,,,IC50,uM,UO_0000065,,69.1
"{'action_type': 'INHIBITOR', 'description': 'Negatively effects (inhibits) the normal functioning of the protein e.g., prevention of enzymatic reaction or activation of downstream pathway', 'parent_type': 'NEGATIVE MODULATOR'}",,24989121,[],CHEMBL5229151,Inhibition of human ALKBH3 expressed in Escherichia coli BL21 (DE3) Rosetta cells,B,,,BAO_0000190,BAO_0000219,cell-based format,Cc1ccccc1S(=O)(=O)NC(=O)c1cc(C(=O)O)ccn1,,,CHEMBL5226352,J Med Chem,2021,"{'bei': '16.96', 'le': '0.34', 'lle': '4.22', 'sei': '4.79'}",CHEMBL5282569,,CHEMBL5282569,5.43,0,http://www.openphacts.org/units/Nanomolar,3907374,=,1,1,=,,IC50,nM,,3700.0,CHEMBL3112376,Homo sapiens,Alpha-ketoglutarate-dependent dioxygenase alkB homolog 3,9606,,,IC50,uM,UO_0000065,,3.7
"{'action_type': 'INHIBITOR', 'description': 'Negatively effects (inhibits) the normal functioning of the protein e.g., prevention of enzymatic reaction or activation of downstream pathway', 'parent_type': 'NEGATIVE MODULATOR'}",,24989122,[],CHEMBL5229151,Inhibition of human ALKBH3 expressed in Escherichia coli BL21 (DE3) Rosetta cells,B,,,BAO_0000190,BAO_0000219,cell-based format,Cc1cccc(S(=O)(=O)NC(=O)c2cc(C(=O)O)ccn2)c1,,,CHEMBL5226352,J Med Chem,2021,"{'bei': '15.43', 'le': '0.31', 'lle': '3.73', 'sei': '4.36'}",CHEMBL5266761,,CHEMBL5266761,4.94,0,http://www.openphacts.org/units/Nanomolar,3907375,=,1,1,=,,IC50,nM,,11400.0,CHEMBL3112376,Homo sapiens,Alpha-ketoglutarate-dependent dioxygenase alkB homolog 3,9606,,,IC50,uM,UO_0000065,,11.4
"{'action_type': 'INHIBITOR', 'description': 'Negatively effects (inhibits) the normal functioning of the protein e.g., prevention of enzymatic reaction or activation of downstream pathway', 'parent_type': 'NEGATIVE MODULATOR'}",,24989123,[],CHEMBL5229151,Inhibition of human ALKBH3 expressed in Escherichia coli BL21 (DE3) Rosetta cells,B,,,BAO_0000190,BAO_0000219,cell-based format,Cc1ccc(S(=O)(=O)NC(=O)c2cc(C(=O)O)ccn2)cc1,,,CHEMBL5226352,J Med Chem,2021,"{'bei': '14.46', 'le': '0.29', 'lle': '3.42', 'sei': '4.08'}",CHEMBL5269140,,CHEMBL5269140,4.63,0,http://www.openphacts.org/units/Nanomolar,3907376,=,1,1,=,,IC50,nM,,23300.0,CHEMBL3112376,Homo sapiens,Alpha-ketoglutarate-dependent dioxygenase alkB homolog 3,9606,,,IC50,uM,UO_0000065,,23.3
"{'action_type': 'INHIBITOR', 'description': 'Negatively effects (inhibits) the normal functioning of the protein e.g., prevention of enzymatic reaction or activation of downstream pathway', 'parent_type': 'NEGATIVE MODULATOR'}",,24989124,[],CHEMBL5229151,Inhibition of human ALKBH3 expressed in Escherichia coli BL21 (DE3) Rosetta cells,B,,,BAO_0000190,BAO_0000219,cell-based format,Cc1ccc(C)c(S(=O)(=O)NC(=O)c2cc(C(=O)O)ccn2)c1,,,CHEMBL5226352,J Med Chem,2021,"{'bei': '13.76', 'le': '0.27', 'lle': '3.08', 'sei': '4.06'}",CHEMBL5285500,,CHEMBL5285500,4.60,0,http://www.openphacts.org/units/Nanomolar,3907377,=,1,1,=,,IC50,nM,,25100.0,CHEMBL3112376,Homo sapiens,Alpha-ketoglutarate-dependent dioxygenase alkB homolog 3,9606,,,IC50,uM,UO_0000065,,25.1
"{'action_type': 'INHIBITOR', 'description': 'Negatively effects (inhibits) the normal functioning of the protein e.g., prevention of enzymatic reaction or activation of downstream pathway', 'parent_type': 'NEGATIVE MODULATOR'}",,24989125,[],CHEMBL5229151,Inhibition of human ALKBH3 expressed in Escherichia coli BL21 (DE3) Rosetta cells,B,,,BAO_0000190,BAO_0000219,cell-based format,Cc1ccc(S(=O)(=O)NC(=O)c2cc(C(=O)O)ccn2)c(C)c1,,,CHEMBL5226352,J Med Chem,2021,"{'bei': '13.11', 'le': '0.26', 'lle': '2.86', 'sei': '3.86'}",CHEMBL5276266,,CHEMBL5276266,4.38,0,http://www.openphacts.org/units/Nanomolar,3907378,=,1,1,=,,IC50,nM,,41300.0,CHEMBL3112376,Homo sapiens,Alpha-ketoglutarate-dependent dioxygenase alkB homolog 3,9606,,,IC50,uM,UO_0000065,,41.3
"{'action_type': 'INHIBITOR', 'description': 'Negatively effects (inhibits) the normal functioning of the protein e.g., prevention of enzymatic reaction or activation of downstream pathway', 'parent_type': 'NEGATIVE MODULATOR'}",,24989126,[],CHEMBL5229151,Inhibition of human ALKBH3 expressed in Escherichia coli BL21 (DE3) Rosetta cells,B,,,BAO_0000190,BAO_0000219,cell-based format,Cc1cc(C)c(S(=O)(=O)NC(=O)c2cc(C(=O)O)ccn2)c(C)c1,,,CHEMBL5226352,J Med Chem,2021,"{'bei': '13.42', 'le': '0.27', 'lle': '2.85', 'sei': '4.12'}",CHEMBL5283651,,CHEMBL5283651,4.67,0,http://www.openphacts.org/units/Nanomolar,3907379,=,1,1,=,,IC50,nM,,21200.0,CHEMBL3112376,Homo sapiens,Alpha-ketoglutarate-dependent dioxygenase alkB homolog 3,9606,,,IC50,uM,UO_0000065,,21.2
"{'action_type': 'INHIBITOR', 'description': 'Negatively effects (inhibits) the normal functioning of the protein e.g., prevention of enzymatic reaction or activation of downstream pathway', 'parent_type': 'NEGATIVE MODULATOR'}",,24989127,[],CHEMBL5229151,Inhibition of human ALKBH3 expressed in Escherichia coli BL21 (DE3) Rosetta cells,B,,,BAO_0000190,BAO_0000219,cell-based format,O=C(O)c1ccnc(C(=O)NS(=O)(=O)c2ccccc2C(F)(F)F)c1,,,CHEMBL5226352,J Med Chem,2021,"{'bei': '12.42', 'le': '0.25', 'lle': '2.73', 'sei': '4.10'}",CHEMBL5288308,,CHEMBL5288308,4.65,0,http://www.openphacts.org/units/Nanomolar,3907380,=,1,1,=,,IC50,nM,,22500.0,CHEMBL3112376,Homo sapiens,Alpha-ketoglutarate-dependent dioxygenase alkB homolog 3,9606,,,IC50,uM,UO_0000065,,22.5
"{'action_type': 'INHIBITOR', 'description': 'Negatively effects (inhibits) the normal functioning of the protein e.g., prevention of enzymatic reaction or activation of downstream pathway', 'parent_type': 'NEGATIVE MODULATOR'}",,24989128,[],CHEMBL5229151,Inhibition of human ALKBH3 expressed in Escherichia coli BL21 (DE3) Rosetta cells,B,,,BAO_0000190,BAO_0000219,cell-based format,O=C(O)c1ccnc(C(=O)NS(=O)(=O)c2ccccc2[N+](=O)[O-])c1,,,CHEMBL5226352,J Med Chem,2021,"{'bei': '14.82', 'le': '0.30', 'lle': '4.40', 'sei': '3.33'}",CHEMBL5169684,,CHEMBL5169684,5.21,0,http://www.openphacts.org/units/Nanomolar,3907381,=,1,1,=,,IC50,nM,,6200.0,CHEMBL3112376,Homo sapiens,Alpha-ketoglutarate-dependent dioxygenase alkB homolog 3,9606,,,IC50,uM,UO_0000065,,6.2
"{'action_type': 'INHIBITOR', 'description': 'Negatively effects (inhibits) the normal functioning of the protein e.g., prevention of enzymatic reaction or activation of downstream pathway', 'parent_type': 'NEGATIVE MODULATOR'}",,24989168,[],CHEMBL5229158,Inhibition of human ALKBH3 by HPLC analysis,B,,,BAO_0000190,BAO_0000357,single protein format,O=C(O)c1cc(O)c2c(c1)C(=O)c1cccc(O)c1C2=O,,,CHEMBL5226352,J Med Chem,2021,"{'bei': '18.56', 'le': '0.34', 'lle': '3.71', 'sei': '4.71'}",CHEMBL418068,RHEIN,CHEMBL418068,5.28,0,http://www.openphacts.org/units/Nanomolar,3907382,=,1,1,=,,IC50,nM,,5300.0,CHEMBL3112376,Homo sapiens,Alpha-ketoglutarate-dependent dioxygenase alkB homolog 3,9606,,,IC50,uM,UO_0000065,,5.3
,,24989170,[],CHEMBL5229160,Inhibition of human ALKBH3 demethylase activity by restriction endonuclease digestion assay,B,,,BAO_0000190,BAO_0000357,single protein format,Cc1ccc(Cl)c(Nc2ccccc2C(=O)O)c1Cl,,,CHEMBL5226352,J Med Chem,2021,,CHEMBL509,MECLOFENAMIC ACID,CHEMBL509,,0,http://www.openphacts.org/units/Nanomolar,3907389,>,1,1,>,,IC50,nM,,100000.0,CHEMBL3112376,Homo sapiens,Alpha-ketoglutarate-dependent dioxygenase alkB homolog 3,9606,,,IC50,uM,UO_0000065,,100.0
"{'action_type': 'INHIBITOR', 'description': 'Negatively effects (inhibits) the normal functioning of the protein e.g., prevention of enzymatic reaction or activation of downstream pathway', 'parent_type': 'NEGATIVE MODULATOR'}",,24989192,"[{'comments': None, 'relation': '=', 'result_flag': 0, 'standard_relation': '=', 'standard_text_value': None, 'standard_type': 'TIME', 'standard_units': 'hr', 'standard_value': '1.0', 'text_value': None, 'type': 'TIME', 'units': 'hrs', 'value': '1.0'}]",CHEMBL5229168,Inhibition of ALKBH3 (unknown origin) using 3-methyl cytosine oligo DNA as substrate incubated for 1 hr by SYBR green dye based RT-PCR analysis,B,,,BAO_0000190,BAO_0000357,single protein format,Cc1nn(-c2nc3cc(F)ccc3[nH]2)c(O)c1-c1ccccc1,,,CHEMBL5226352,J Med Chem,2021,"{'bei': '17.96', 'le': '0.33', 'lle': '1.97', 'sei': '8.30'}",CHEMBL5288450,,CHEMBL5288450,5.54,0,http://www.openphacts.org/units/Nanomolar,3907424,=,1,1,=,,IC50,nM,,2900.0,CHEMBL3112376,Homo sapiens,Alpha-ketoglutarate-dependent dioxygenase alkB homolog 3,9606,,,IC50,uM,UO_0000065,,2.9
